wavelength_nm,flat_0p30,rising_0p15_to_0p45,broad_peak_1100,dual_peak_850_1400,notch_1250,out_of_domain_flat_0p90
400.0,0.3,0.15,0.12331204,0.10722568,0.39999998,0.9
410.0,0.3,0.1523076923076923,0.123777054,0.1084288,0.39999998,0.9
420.0,0.3,0.1546153846153846,0.12429922,0.10979831,0.39999995,0.9
430.0,0.3,0.15692307692307692,0.12488434,0.11135105,0.39999992,0.9
440.0,0.3,0.15923076923076923,0.1255386,0.11310448,0.3999999,0.9
450.0,0.3,0.16153846153846152,0.12626866,0.11507656,0.39999986,0.9
460.0,0.3,0.16384615384615384,0.12708153,0.117285594,0.39999977,0.9
470.0,0.3,0.16615384615384615,0.1279847,0.11974994,0.39999968,0.9
480.0,0.3,0.16846153846153847,0.12898606,0.12248782,0.39999956,0.9
490.0,0.3,0.17076923076923076,0.1300939,0.12551695,0.39999938,0.9
500.0,0.3,0.17307692307692307,0.13131692,0.12885429,0.3999991,0.9
510.0,0.3,0.1753846153846154,0.13266414,0.1325157,0.39999875,0.9
520.0,0.3,0.1776923076923077,0.13414499,0.13651545,0.39999828,0.9
530.0,0.3,0.18,0.13576917,0.14086601,0.39999762,0.9
540.0,0.3,0.1823076923076923,0.13754664,0.14557739,0.39999673,0.9
550.0,0.3,0.18461538461538463,0.13948758,0.150657,0.39999554,0.9
560.0,0.3,0.18692307692307691,0.14160234,0.15610906,0.3999939,0.9
570.0,0.3,0.18923076923076923,0.14390138,0.16193417,0.39999172,0.9
580.0,0.3,0.19153846153846155,0.14639515,0.1681291,0.39998883,0.9
590.0,0.3,0.19384615384615383,0.14909405,0.17468624,0.39998502,0.9
600.0,0.3,0.19615384615384615,0.15200834,0.18159345,0.39997992,0.9
610.0,0.3,0.19846153846153847,0.15514806,0.18883373,0.39997327,0.9
620.0,0.3,0.20076923076923076,0.15852286,0.19638513,0.39996454,0.9
630.0,0.3,0.20307692307692307,0.16214196,0.20422043,0.3999532,0.9
640.0,0.3,0.2053846153846154,0.16601399,0.21230736,0.39993846,0.9
650.0,0.3,0.20769230769230768,0.17014691,0.22060855,0.39991948,0.9
660.0,0.3,0.21,0.17454782,0.2290817,0.39989513,0.9
670.0,0.3,0.2123076923076923,0.17922291,0.23767982,0.399864,0.9
680.0,0.3,0.2146153846153846,0.18417725,0.24635181,0.39982438,0.9
690.0,0.3,0.21692307692307694,0.1894147,0.25504264,0.39977425,0.9
700.0,0.3,0.21923076923076923,0.1949378,0.2636942,0.39971107,0.9
710.0,0.3,0.22153846153846155,0.20074755,0.27224585,0.3996319,0.9
720.0,0.3,0.22384615384615386,0.20684338,0.28063515,0.3995331,0.9
730.0,0.3,0.22615384615384615,0.21322304,0.28879893,0.39941037,0.9
740.0,0.3,0.22846153846153847,0.21988234,0.29667392,0.3992587,0.9
750.0,0.3,0.23076923076923078,0.22681524,0.30419782,0.39907217,0.9
760.0,0.3,0.23307692307692307,0.23401363,0.31131047,0.39884388,0.9
770.0,0.3,0.2353846153846154,0.2414673,0.31795454,0.39856577,0.9
780.0,0.3,0.2376923076923077,0.24916384,0.32407665,0.39822865,0.9
790.0,0.3,0.24,0.2570887,0.32962835,0.397822,0.9
800.0,0.3,0.2423076923076923,0.26522493,0.33456704,0.39733386,0.9
810.0,0.3,0.24461538461538462,0.27355355,0.33885658,0.39675078,0.9
820.0,0.3,0.2469230769230769,0.28205323,0.3424683,0.39605775,0.9
830.0,0.3,0.24923076923076923,0.29070035,0.34538135,0.39523813,0.9
840.0,0.3,0.25153846153846154,0.29946932,0.34758347,0.39427364,0.9
850.0,0.3,0.25384615384615383,0.30833238,0.34907103,0.39314428,0.9
860.0,0.3,0.2561538461538462,0.3172599,0.34984937,0.39182863,0.9
870.0,0.3,0.25846153846153846,0.32622042,0.34993297,0.39030364,0.9
880.0,0.3,0.26076923076923075,0.33518082,0.34934506,0.38854513,0.9
890.0,0.3,0.2630769230769231,0.3441065,0.3481176,0.38652766,0.9
900.0,0.3,0.2653846153846154,0.35296166,0.34629062,0.38422516,0.9
910.0,0.3,0.2676923076923077,0.3617093,0.34391186,0.38161105,0.9
920.0,0.3,0.27,0.37031183,0.34103602,0.37865883,0.9
930.0,0.3,0.2723076923076923,0.37873095,0.33772382,0.37534246,0.9
940.0,0.3,0.2746153846153846,0.38692817,0.33404115,0.37163708,0.9
950.0,0.3,0.27692307692307694,0.394865,0.33005822,0.36751953,0.9
960.0,0.3,0.2792307692307692,0.40250337,0.3258482,0.3629692,0.9
970.0,0.3,0.2815384615384615,0.4098056,0.32148635,0.35796863,0.9
980.0,0.3,0.28384615384615386,0.41673508,0.31704888,0.3525043,0.9
990.0,0.3,0.28615384615384615,0.4232565,0.31261167,0.34656763,0.9
1000.0,0.3,0.28846153846153844,0.4293359,0.3082493,0.34015548,0.9
1010.0,0.3,0.2907692307692308,0.43494126,0.30403402,0.33327106,0.9
1020.0,0.3,0.2930769230769231,0.4400426,0.3000347,0.3259246,0.9
1030.0,0.3,0.29538461538461536,0.44461238,0.29631585,0.31813404,0.9
1040.0,0.3,0.2976923076923077,0.44862562,0.2929369,0.30992535,0.9
1050.0,0.3,0.30000000000000004,0.45206016,0.28995138,0.30133307,0.9
1060.0,0.3,0.3023076923076923,0.45489693,0.28740638,0.29240045,0.9
1070.0,0.3,0.3046153846153846,0.45712003,0.28534204,0.28317946,0.9
1080.0,0.3,0.30692307692307697,0.458717,0.28379098,0.27373075,0.9
1090.0,0.3,0.30923076923076925,0.45967883,0.28277826,0.26412302,0.9
1100.0,0.3,0.31153846153846154,0.46,0.2823212,0.25443265,0.9
1110.0,0.3,0.3138461538461539,0.45967883,0.28242916,0.24474277,0.9
1120.0,0.3,0.3161538461538462,0.458717,0.28310367,0.23514219,0.9
1130.0,0.3,0.31846153846153846,0.45712003,0.28433877,0.22572426,0.9
1140.0,0.3,0.3207692307692308,0.45489693,0.28612113,0.21658526,0.9
1150.0,0.3,0.3230769230769231,0.45206016,0.2884304,0.20782304,0.9
1160.0,0.3,0.3253846153846154,0.44862562,0.29123956,0.19953516,0.9
1170.0,0.3,0.3276923076923077,0.44461238,0.2945156,0.19181721,0.9
1180.0,0.3,0.33,0.4400426,0.29821992,0.1847608,0.9
1190.0,0.3,0.3323076923076923,0.43494126,0.30230907,0.17845207,0.9
1200.0,0.3,0.33461538461538465,0.4293359,0.30673498,0.17296974,0.9
1210.0,0.3,0.33692307692307694,0.4232565,0.31144625,0.16838342,0.9
1220.0,0.3,0.3392307692307692,0.41673508,0.3163882,0.16475233,0.9
1230.0,0.3,0.34153846153846157,0.4098056,0.32150385,0.1621239,0.9
1240.0,0.3,0.34384615384615386,0.40250337,0.32673466,0.16053274,0.9
1250.0,0.3,0.34615384615384615,0.394865,0.33202097,0.16000001,0.9
1260.0,0.3,0.3484615384615385,0.38692817,0.33730283,0.16053274,0.9
1270.0,0.3,0.3507692307692308,0.37873095,0.3425206,0.1621239,0.9
1280.0,0.3,0.35307692307692307,0.37031183,0.3476155,0.16475233,0.9
1290.0,0.3,0.3553846153846154,0.3617093,0.35253036,0.16838342,0.9
1300.0,0.3,0.3576923076923077,0.35296166,0.35720986,0.17296974,0.9
1310.0,0.3,0.36,0.3441065,0.36160135,0.17845207,0.9
1320.0,0.3,0.36230769230769233,0.33518082,0.36565536,0.1847608,0.9
1330.0,0.3,0.3646153846153846,0.32622042,0.36932567,0.19181721,0.9
1340.0,0.3,0.3669230769230769,0.3172599,0.37256998,0.19953516,0.9
1350.0,0.3,0.36923076923076925,0.30833238,0.37535012,0.20782304,0.9
1360.0,0.3,0.3715384615384616,0.29946932,0.37763262,0.21658526,0.9
1370.0,0.3,0.37384615384615383,0.29070035,0.37938833,0.22572426,0.9
1380.0,0.3,0.37615384615384617,0.28205323,0.3805934,0.23514219,0.9
1390.0,0.3,0.3784615384615385,0.27355355,0.38122872,0.24474277,0.9
1400.0,0.3,0.38076923076923075,0.26522493,0.38128027,0.25443265,0.9
1410.0,0.3,0.3830769230769231,0.2570887,0.3807393,0.26412302,0.9
1420.0,0.3,0.38538461538461544,0.24916384,0.37960196,0.27373075,0.9
1430.0,0.3,0.38769230769230767,0.2414673,0.37786955,0.28317946,0.9
1440.0,0.3,0.39,0.23401363,0.37554812,0.29240045,0.9
1450.0,0.3,0.39230769230769236,0.22681524,0.37264833,0.30133307,0.9
1460.0,0.3,0.39461538461538465,0.21988234,0.36918557,0.30992535,0.9
1470.0,0.3,0.39692307692307693,0.21322304,0.36517906,0.31813404,0.9
1480.0,0.3,0.3992307692307693,0.20684338,0.36065218,0.3259246,0.9
1490.0,0.3,0.4015384615384615,0.20074755,0.35563183,0.33327106,0.9
1500.0,0.3,0.40384615384615385,0.1949378,0.35014808,0.34015548,0.9
1510.0,0.3,0.4061538461538462,0.1894147,0.34423372,0.34656763,0.9
1520.0,0.3,0.40846153846153843,0.18417725,0.33792412,0.3525043,0.9
1530.0,0.3,0.4107692307692308,0.17922291,0.33125657,0.35796863,0.9
1540.0,0.3,0.4130769230769231,0.17454782,0.32426998,0.3629692,0.9
1550.0,0.3,0.41538461538461535,0.17014691,0.31700444,0.36751953,0.9
1560.0,0.3,0.4176923076923077,0.16601399,0.30950066,0.37163708,0.9
1570.0,0.3,0.42000000000000004,0.16214196,0.3017999,0.37534246,0.9
1580.0,0.3,0.4223076923076923,0.15852286,0.29394317,0.37865883,0.9
1590.0,0.3,0.4246153846153846,0.15514806,0.28597116,0.38161105,0.9
1600.0,0.3,0.42692307692307696,0.15200834,0.2779237,0.38422516,0.9
1610.0,0.3,0.4292307692307693,0.14909405,0.26983958,0.38652766,0.9
1620.0,0.3,0.43153846153846154,0.14639515,0.26175594,0.38854513,0.9
1630.0,0.3,0.4338461538461539,0.14390138,0.25370854,0.39030364,0.9
1640.0,0.3,0.4361538461538462,0.14160234,0.24573095,0.39182863,0.9
1650.0,0.3,0.43846153846153846,0.13948758,0.23785466,0.39314428,0.9
1660.0,0.3,0.4407692307692308,0.13754664,0.23010884,0.39427364,0.9
1670.0,0.3,0.44307692307692315,0.13576917,0.22252026,0.39523813,0.9
1680.0,0.3,0.4453846153846154,0.13414499,0.21511304,0.39605775,0.9
1690.0,0.3,0.4476923076923077,0.13266414,0.20790875,0.39675078,0.9
1700.0,0.3,0.45,0.13131692,0.20092627,0.39733386,0.9
