wavelength_nm,n,k
400,0.465509600175,4.71216857994
410,0.493629734956,4.83246872831
420,0.522885126481,4.95185241921
430,0.553225194257,5.07023043879
440,0.584581796077,5.18751927218
450,0.616869533744,5.30364527243
460,0.649987010899,5.41854901676
470,0.683819119883,5.53218961585
480,0.718240362971,5.64454872906
490,0.753119144133,5.75563405253
500,0.788322911186,5.86548208473
510,0.823723992963,5.97416002691
520,0.859205966479,6.08176673644
530,0.894670405974,6.18843270713
540,0.930043907025,6.29431909455
550,0.96528534076,6.39961582743
560,1.0003933706,6.5045388415
570,1.03541435214,6.60932643319
580,1.07045083075,6.71423464922
590,1.10567094499,6.81953149218
600,1.14131912858,6.92548951373
610,1.17772856027,7.03237605887
620,1.21533580527,7.14043997564
630,1.25469795192,7.24989296272
640,1.29651213899,7.36088283235
650,1.34163644443,7.47345478265
660,1.39110924481,7.58749536876
670,1.44616070487,7.70265259481
680,1.50820420956,7.81822543721
690,1.5787867925,7.93301938302
700,1.65946704549,8.04517507722
710,1.7515817654,8.15199952033
720,1.85587025233,8.24986467447
730,1.97196353976,8.33427662885
740,2.09782270137,8.40023156473
750,2.22930526327,8.44292509226
760,2.36009463077,8.45875335798
770,2.48217897747,8.44637813139
780,2.58689649727,8.40751605046
790,2.66633887652,8.34713913559
800,2.71473941077,8.27294902996
810,2.72945385165,8.19423256246
820,2.71127641299,8.12040742005
830,2.66405175374,8.0596437476
840,2.5937524638,8.01788648655
850,2.50731797353,7.99844604636
860,2.41156437891,8.00213995471
870,2.31238895775,8.0278232496
880,2.21435661516,8.07308427573
890,2.1206292814,8.13490835179
900,2.03312677828,8.21019011203
910,1.95279637132,8.29605938892
920,1.87989700731,8.39004343437
930,1.81424497459,8.49011276146
940,1.75540155961,8.59465804573
950,1.70280392932,8.70243433735
960,1.65584964603,8.81249571867
970,1.61394718949,8.92413295067
980,1.57654338093,9.03681960815
990,1.54313604274,9.15016815144
1000,1.51327774591,9.26389536722
1010,1.48657451824,9.37779580511
1020,1.46268195708,9.49172166791
1030,1.44130022462,9.60556773706
1040,1.42216877799,9.71926014342
1050,1.40506129608,9.83274803468
1060,1.38978102963,9.94599740632
1070,1.37615666281,10.0589865402
1080,1.36403869824,10.1717026342
1090,1.35329633688,10.284139313
1100,1.34381480577,10.3962947915
1110,1.33549308041,10.5081705194
1120,1.32824194881,10.6197701848
1130,1.32198236822,10.7310989807
1140,1.31664407062,10.8421630694
1150,1.31216437872,10.9529691923
1160,1.30848719962,11.0635243868
1170,1.30556216813,11.1738357851
1180,1.30334391611,11.2839104716
1190,1.30179144805,11.393755384
1200,1.3008676062,11.503377248
1210,1.30053861121,11.6127825344
1220,1.30077366672,11.7219774351
1230,1.30154461812,11.8309678504
1240,1.30282565714,11.9397593864
1250,1.30459306567,12.0483573577
1260,1.30682499268,12.1567667954
1270,1.30950125979,12.2649924573
1280,1.31260319106,12.3730388405
1290,1.31611346377,12.4809101944
1300,1.32001597715,12.5886105344
1310,1.32429573668,12.6961436559
1320,1.32893875172,12.8035131478
1330,1.33393194491,12.9107224053
1340,1.33926307151,13.0177746427
1350,1.34492064767,13.1246729051
1360,1.35089388635,13.2314200796
1370,1.3571726399,13.338018906
1380,1.3637473486,13.444471986
1390,1.37060899441,13.550781793
1400,1.37774905918,13.6569506799
1410,1.38515948702,13.7629808876
1420,1.39283265016,13.8688745516
1430,1.40076131799,13.9746337091
1440,1.40893862895,14.0802603053
1450,1.41735806489,14.1857561986
1460,1.42601342771,14.2911231665
1470,1.43489881797,14.3963629101
1480,1.44400861533,14.5014770587
1490,1.45333746057,14.606467174
1500,1.4628802391,14.7113347541
1510,1.47263206575,14.8160812367
1520,1.48258827077,14.920708003
1530,1.49274438689,15.0252163802
1540,1.50309613735,15.1296076446
1550,1.51363942483,15.2338830241
1560,1.52437032116,15.3380437012
1570,1.53528505779,15.4420908143
1580,1.5463800169,15.546025461
1590,1.55765172316,15.649848699
1600,1.56909683601,15.7535615489
1610,1.58071214247,15.8571649951
1620,1.59249455046,15.960659988
1630,1.60444108249,16.0640474455
1640,1.61654886978,16.1673282542
1650,1.62881514678,16.2705032706
1660,1.64123724597,16.373573323
1670,1.65381259303,16.4765392121
1680,1.66653870229,16.5794017122
1690,1.67941317241,16.6821615725
1700,1.69243368237,16.7848195182
