epoch,train_loss,val_best_response
1,0.02036456819623709,0.0067106615751981735
2,0.009778860174119473,0.004614280071109533
3,0.0075509057380259035,0.003521762788295746
4,0.006330698113888502,0.004564672242850065
5,0.005945438202470541,0.0024166167713701725
6,0.0046745649352669715,0.0021957438439130783
7,0.003370396355167031,0.0024751590099185705
8,0.0033597161807119844,0.0021577042061835527
9,0.0027467921655625104,0.0016503207152709365
10,0.0029041947703808547,0.002124703023582697
11,0.0032393369916826485,0.0021158207673579454
12,0.002499068807810545,0.0016857687151059508
13,0.0026777052972465753,0.0018914504908025265
14,0.00219450019299984,0.001082348171621561
15,0.0020295419357717038,0.001120151486247778
16,0.001924189873971045,0.001170977484434843
17,0.0020143627002835274,0.0010611102916300297
18,0.001934313392266631,0.0016407822258770466
19,0.0027548644319176675,0.0018865783931687474
20,0.00280125729739666,0.0017891755560413003
21,0.0021587425097823144,0.0012717385543510318
22,0.002460483363829553,0.0016738171689212322
23,0.0021709545934572817,0.0009363229619339108
24,0.001858028178103268,0.0011387659469619393
25,0.0017046917695552112,0.000958785880357027
26,0.0017029766598716377,0.000873918819706887
27,0.0015653751231729984,0.0010777590796351433
28,0.0014725764701142908,0.0008284361101686954
29,0.0015613432181999086,0.0010489156702533364
30,0.0015154045820236206,0.0010464279912412167
31,0.0012680537765845656,0.0008446928113698959
32,0.0011418440728448332,0.0012234619352966547
33,0.0012257834291085601,0.001076377579011023
34,0.0012309839460067451,0.0008423016406595707
35,0.001065429279115051,0.001096375985071063
36,0.0011588334618136287,0.0008337667095474899
37,0.0010121606523171068,0.0010540932416915894
38,0.0011079220799729227,0.0010533651802688837
39,0.001650461400859058,0.0012429780326783657
40,0.0015971988788805902,0.0009757447405718267
41,0.0011279231775552035,0.0010393781121820211
42,0.0010151249449700118,0.0008730138652026653
43,0.0008798914821818471,0.000995078356936574
44,0.0007739690481685102,0.0008799617644399405
45,0.001063147122040391,0.0010635161306709051
46,0.0009749825485050679,0.000887568574398756
47,0.0006341515202075243,0.000796379754319787
48,0.0007132170023396612,0.0009155274019576609
49,0.0007873471593484282,0.0009524781489744782
50,0.0010288631892763078,0.000906494096852839
51,0.0007873782003298402,0.0008078858372755349
52,0.0005934913107194006,0.0007008592947386205
53,0.0005614027450792492,0.000769265869166702
54,0.0005419036350212992,0.000599569408223033
55,0.0005189277161844074,0.0007133404142223299
56,0.0005620805430226028,0.0009723050752654672
57,0.0008006569813005626,0.0007307771011255682
58,0.0005733757838606835,0.0007528739515691996
59,0.0005414713243953883,0.0006831957143731415
60,0.00037950833095237615,0.0005240328027866781
61,0.00035537836840376257,0.0007791989482939243
62,0.0005896676238626242,0.0008821695810183883
63,0.0006676845042966306,0.0006806848687119782
64,0.0005442527798004449,0.0007432315032929182
65,0.0003637248440645635,0.0006361735868267715
66,0.00046461653197184206,0.000603521300945431
67,0.00031994518358260395,0.000589355593547225
68,0.00028170671314001086,0.0005838143988512456
69,0.00031350621487945317,0.00048582590534351766
70,0.000228930760640651,0.0005481211701408029
71,0.00023135581985116006,0.0005158129497431219
72,0.00024411029880866408,0.000521448440849781
73,0.00025970112532377245,0.0008078764658421278
74,0.00045039198361337187,0.000545652350410819
75,0.0004068657150492072,0.0006037701386958361
76,0.0003658268763683736,0.0005758907063864172
77,0.0003775189071893692,0.0007955092005431652
78,0.0005043794773519039,0.0007660650298930705
79,0.0004511181311681867,0.0007039367337711155
80,0.00043150852667167783,0.0006240805378183722
81,0.0004760451056063175,0.000658626202493906
82,0.00033637648448348045,0.000798685010522604
83,0.0002737355115823448,0.0008537208777852356
84,0.00031648654490709307,0.0005400615045800805
85,0.0002048310823738575,0.0005479860119521618
86,0.00035729078110307454,0.0005853660986758769
87,0.0004523522173985839,0.0006570726400241256
88,0.0003884342685341835,0.0006071783136576414
89,0.00020528402645140887,0.0004860672343056649
90,0.0002026017289608717,0.00046758868847973645
91,0.00023868764052167535,0.0005115335225127637
92,0.0001701738638803363,0.0004963516257703304
93,0.00018753041978925467,0.0005088004400022328
94,0.00015740572940558194,0.0005283082136884332
95,0.00034361890284344553,0.0007159077213145792
96,0.0003430121508426964,0.0006450795917771757
97,0.0004461771436035633,0.0005840988014824688
98,0.0003177502052858472,0.0006380368722602725
99,0.0003239742829464376,0.0005170587683096528
100,0.00030392165295779706,0.0008815755718387663
101,0.0006204156088642776,0.0007568828295916319
102,0.0002194893453270197,0.000597111415117979
103,0.00026494095334783196,0.0006139816832728684
104,0.00036117668729275466,0.0006392985815182328
105,0.00015476480824872852,0.000400749733671546
106,-7.193007040768862e-06,0.00039278698386624455
107,9.486442431807518e-06,0.0003955275169573724
108,6.60585903096944e-05,0.0004330225638113916
109,2.9675010591745376e-05,0.0004352536052465439
110,5.7240286841988564e-05,0.0004051149298902601
111,1.2069987133145332e-05,0.00041800967301242054
112,-2.6225483743473888e-05,0.00035657105036079884
113,-1.720359665341675e-05,0.0004230360791552812
114,3.6514283856377005e-05,0.0005153239471837878
115,2.7625462971627714e-05,0.0004129321896471083
116,-1.1416608467698097e-05,0.0004028221592307091
117,3.6041054408997296e-05,0.0007870476110838354
118,0.00014130334369838238,0.0004444442456588149
119,8.116825483739376e-05,0.0005030529573559761
120,2.4444712325930597e-05,0.0004579806700348854
121,-2.0281157921999694e-05,0.000402751931687817
122,1.9728245679289102e-05,0.00041784337372519076
123,-1.2497561983764172e-05,0.00039291620487347245
124,4.8025194555521015e-05,0.000559377484023571
125,0.0002962835296057165,0.0005201008170843124
126,0.00019085797481238842,0.0006411683280020952
127,0.00035984404617920516,0.0007193846977315843
128,0.00047745401039719584,0.0006115080905146897
129,0.0003274837974458933,0.0004274942330084741
130,0.00026942329248413443,0.0004885238013230264
131,0.0002607486071065068,0.0006286344141699374
132,0.00025146271334961054,0.000495057029183954
133,0.00011066789040341973,0.00048389649600721896
134,4.321543034166097e-05,0.0004887622781097889
135,-1.699324348010123e-05,0.00038282162859104574
136,-6.689863163046539e-05,0.0003682895330712199
137,-7.691511418670416e-06,0.0005081553827039897
138,2.8798389248549938e-05,0.0004754403489641845
139,6.62109674885869e-05,0.0005168488714843988
140,0.00019803677685558795,0.0008193682297132909
141,0.00024355930741876364,0.0005035954527556896
142,0.00015657313633710146,0.0005765683017671108
143,0.00012475052615627648,0.0004660781705752015
144,0.00010425458196550608,0.0004129573062527925
145,5.67149743437767e-05,0.00042246468365192413
146,7.174256024882198e-05,0.0004840186156798154
147,-3.493297845125198e-07,0.0003777521487791091
148,-0.00010424855048768222,0.0003448611532803625
149,-0.00010260852403007448,0.0003800781851168722
150,-3.4023751504719256e-05,0.00042654384742490947
151,1.610224135220051e-05,0.0003706358838826418
152,-5.35813020542264e-05,0.0003609544364735484
153,-6.949161412194372e-05,0.0003962527262046933
154,-7.567383232526481e-05,0.00037068992969579995
155,-2.5635168422013523e-05,0.00036593282129615545
156,-6.948709022253752e-05,0.00036059663398191333
157,-8.268302422948182e-05,0.0004116178024560213
158,-5.890512722544372e-05,0.00034207606222480536
159,3.076313994824886e-05,0.0004706783511210233
160,4.292755853384733e-05,0.0004252690414432436
161,-1.7516757361590863e-06,0.000360089325113222
162,4.796988097950816e-05,0.0005815137410536408
163,0.00012212612899020314,0.00041754907579161227
164,4.1155978105962273e-05,0.00039606477366760373
165,-1.221502898260951e-05,0.00036626256769523025
166,-4.387265653349459e-05,0.0003107976517640054
167,-0.00013695498579181732,0.0003165874513797462
168,-0.0001661827927455306,0.00038645791937597096
169,-0.00014584935503080486,0.00036292572622187436
170,-0.00010497489594854414,0.0003253513714298606
171,-0.0001330794731620699,0.00039431534241884947
172,-0.00010019613429903984,0.0004306813352741301
173,-5.499146180227399e-05,0.0003382524591870606
174,4.570892546325922e-05,0.0004436900489963591
175,5.765466718003154e-05,0.00042331445729359984
176,-4.620263469405472e-05,0.00045561708975583315
177,-1.8059241119772197e-05,0.0004099224752280861
178,-5.807677283883095e-05,0.000507430755533278
179,1.0392444673925638e-05,0.000419118587160483
180,-4.07526281196624e-05,0.0003939317830372602
181,6.665081484243274e-05,0.0005265384679660201
182,0.0001806323742493987,0.0009648017003200948
183,0.00036488367710262536,0.001144951325841248
184,0.00019129512598738076,0.0005364771350286901
185,7.160063832998276e-05,0.0004805281641893089
186,0.0008812018344178796,0.0017854789039120078
187,0.0014849075162783265,0.0013897676253691316
188,0.0013200869108550251,0.0011238128645345569
189,0.0006917577516287565,0.000967731757555157
190,0.00044905844843015077,0.0007496129255741835
191,0.0004128301679156721,0.000768178200814873
192,0.0002635156642645597,0.0006001292495056987
193,0.00021047079004347325,0.000657572178170085
194,0.0001543199014849961,0.0005949616897851229
195,0.00014899701578542591,0.0007228294853121042
196,0.00011759992223232985,0.000532199046574533
197,0.0001423753425478935,0.0007046286482363939
198,0.00027452993439510467,0.0007486586109735072
199,0.00017896935576573015,0.0005243511986918747
200,4.6604725066572425e-05,0.00044768277439288795
201,2.601421787403524e-05,0.0005411215242929757
202,5.245695589110255e-05,0.0004895709571428597
203,3.086647484451532e-06,0.0005087373428978026
204,0.00011231833137571812,0.0005238783778622746
205,4.19459049589932e-05,0.0005165062029846013
206,2.175706089474261e-05,0.00055164989316836
207,-1.907492056488991e-05,0.0005339552299119532
208,4.0716934017837046e-05,0.0005667645600624382
209,2.8291516937315464e-05,0.0005129366181790829
210,-2.4857332464307545e-05,0.0005275860312394798
211,1.2080636806786061e-05,0.0004943112726323307
212,2.939157886430621e-05,0.0005578151321969926
213,-1.889706589281559e-05,0.0004895883612334728
214,-6.453011650592088e-05,0.00043902889592573047
215,-7.384906057268381e-05,0.0005995352403260767
216,-1.1123656295239925e-05,0.00045738674816675484
217,-6.527806632220744e-05,0.00048020281246863306
218,-5.5135637521743777e-05,0.00042972571100108325
219,-4.641677369363606e-05,0.0005817495984956622
220,9.011986898258329e-05,0.0005464524147100747
221,7.846478372812271e-05,0.0005254473071545362
222,0.00012300855247303843,0.0006242497474886477
223,0.00015941288555040956,0.0004960375372320414
224,-4.346175119280815e-06,0.000443701894255355
225,-4.975442308932543e-05,0.0004496258043218404
226,-4.754455294460058e-05,0.0004752514068968594
227,-6.879965891130268e-05,0.0004356720019131899
228,-7.393892388790846e-05,0.00042084857705049217
229,-5.4358786437660454e-05,0.0005454282509163022
230,-1.0543519165366888e-05,0.0004605814174283296
231,-7.054353482089936e-05,0.0005302838981151581
232,-3.3221719786524775e-05,0.0004502924857661128
233,-8.619232568889856e-05,0.0004470153944566846
234,-2.212455845437944e-05,0.00047282277955673635
235,-3.553386777639389e-06,0.0006452070665545762
236,0.00012015656102448702,0.0006306918221525848
237,0.00010319570545107126,0.0005385646945796907
238,3.2429443672299385e-06,0.00043848028872162104
239,-0.00010899316519498825,0.0003937204892281443
240,-0.00013400416704826057,0.0004149027226958424
241,-8.901121793314815e-05,0.000518752436619252
242,-7.226997520774603e-05,0.0004468524130061269
243,-6.230780389159917e-05,0.0005036189104430377
244,-4.182666540145874e-05,0.0005234298296272755
245,-9.157259948551655e-05,0.00042037011007778347
246,-0.00013122279779054224,0.0003977236046921462
247,-0.00011748023447580636,0.00039507506880909204
248,-0.00011082490207627416,0.00048226595390588045
249,-0.00011045942432247102,0.0003998842730652541
250,-0.00015662827645428478,0.00040848247590474784
251,-0.00017374314367771149,0.0003916937857866287
252,-0.00015278088161721826,0.0003967131779063493
253,-0.0001504525914788246,0.00044332665856927633
254,-0.00015684107085689903,0.0003729785676114261
255,-0.00013646320556290448,0.0005064659053459764
256,5.259278230369091e-05,0.0005802657688036561
257,-1.470241229981184e-05,0.00047853629803285
258,3.918810049071908e-05,0.0005283751524984837
259,0.00017430223291739822,0.0005263829953037202
260,7.062484510242939e-06,0.0004211477062199265
261,-6.026912480592728e-05,0.0005815720651298761
262,-5.554242990911007e-05,0.0004368399968370795
263,-0.00010997304692864418,0.0003930869570467621
264,-9.228326263837516e-05,0.0005736100720241666
265,-7.866673171520233e-05,0.00038851096178404987
266,-5.072816740721464e-05,0.0005844233673997223
267,0.00011418850859627127,0.0005376703920774162
268,5.8951450046151874e-05,0.0005194651894271374
269,-5.3976241033524275e-05,0.00046740600373595953
270,-5.1938181277364494e-05,0.00048782015801407397
271,-8.044449379667639e-05,0.000468394166091457
272,-0.000100894367787987,0.0004994728951714933
273,0.00046269688406027856,0.0016591346357017756
274,0.0014293415332213043,0.001513466122560203
275,0.000989051372744143,0.000941942329518497
276,0.0005899642524309456,0.0007250921917147934
277,0.0003969362541101873,0.0006157477619126439
278,0.00033783156657591463,0.0007631558110006154
279,0.0002836174564436078,0.000716308830305934
280,9.865798521786928e-05,0.0005022251862101257
281,2.158432500436902e-05,0.00043158564949408174
282,-1.3538375496864318e-05,0.0004281216533854604
283,-6.509108934551477e-05,0.0005155802355147898
284,5.0588443409651516e-05,0.0005319616757333279
285,-1.3456065207719803e-05,0.00041607272578403354
286,-9.657029062509537e-05,0.0004355762212071568
287,-0.00011042068828828633,0.00042003407725133
288,-9.872446302324534e-05,0.0004607559822034091
289,-9.95618978049606e-05,0.00042267117532901466
290,-7.41149322129786e-05,0.0004416716401465237
291,-7.948287064209581e-05,0.00042624157504178584
292,-4.6478016301989555e-05,0.0004153935005888343
293,-0.00010017798864282668,0.0004236265958752483
294,-7.428781129419803e-05,0.00043310452019795775
295,-6.121231708675623e-05,0.00045704678632318974
296,-4.45235799998045e-05,0.0005219111335463822
297,-4.298010957427323e-05,0.0004235202504787594
298,-5.40194078348577e-05,0.0004135834169574082
299,-0.00010878933826461435,0.00048354320460930467
300,-0.0001137225714046508,0.00042126100743189454
301,-0.00012160113779827952,0.0005778699996881187
302,-8.204657700844109e-05,0.0004811203107237816
303,-0.00014721034094691276,0.0004200753173790872
304,-0.00015149887069128453,0.00042370223673060536
305,-0.0001640712935477495,0.0004258003900758922
306,-0.0001748355512972921,0.000406717968871817
307,-0.00015999906114302575,0.0004568871227093041
308,-0.00019159624818712473,0.0003832691872958094
309,-0.00019659899873659015,0.00046710766036994755
310,-0.00014068252872675657,0.0004591321339830756
311,-0.00017035404569469393,0.00046978527097962797
312,-0.00017732296604663133,0.0004123030521441251
313,-0.0001684728462714702,0.000414188951253891
314,-0.0001332775200717151,0.0005660482565872371
315,-0.00010581800481304526,0.00044268451165407896
316,-0.00014961900655180216,0.00041707634227350354
317,-0.00017749459017068147,0.00038731013773940504
318,-0.00019346650457009674,0.0003885067708324641
319,-0.00021260918583720922,0.0003903774486389011
320,-0.00020892652915790677,0.00040598289342597127
321,-0.00017323167412541807,0.0004636555095203221
322,-0.00017468366189859807,0.0004400917387101799
323,-0.000185521972598508,0.00041854821029119194
324,-0.00021024157176725567,0.0004230715276207775
325,-0.00022102439193986357,0.0003936228167731315
326,-0.00020767274196259678,0.0003980579203926027
327,-0.00019273778307251632,0.0003594878944568336
328,-0.00015365494647994637,0.0004659118421841413
329,-0.00011834629345685244,0.0004120219382457435
330,-0.00019144876045174898,0.0003873291134368628
331,-0.0001864876679610461,0.00037936156149953604
332,-0.00024156867410056294,0.00037823576712980866
333,-0.00023630764335393905,0.00040322731365449727
334,-0.00025703847990371287,0.0003213486052118242
335,-0.00025419867015443744,0.0004017648461740464
336,-0.00017709584790281951,0.0004165271238889545
337,-0.00018695596023462712,0.0003760652616620064
338,-0.00022571971872821452,0.00037044446798972785
339,-0.00025436813943088057,0.0003561110934242606
340,-0.0002665866783354431,0.0003270738816354424
341,-0.00025675144628621637,0.0003853609086945653
342,-0.0001674166787415743,0.00043687134166248143
343,-0.00011241411091759801,0.0004801316827069968
344,-9.697753936052322e-05,0.0005879502277821302
345,0.0049635985144414006,0.005533414427191019
346,0.00402616074308753,0.002292127115651965
347,0.0020559803303331135,0.0012698560021817684
348,0.0014134657802060246,0.0010076283942908049
349,0.0010473502706736327,0.0009763984126038849
350,0.0011707827402278781,0.001178180449642241
351,0.0009716336615383625,0.0008429578738287091
352,0.0006242490070872008,0.0007163744303397834
353,0.0006273709191009402,0.000841771368868649
354,0.0005491358786821366,0.0008492976194247603
355,0.0004342698003165424,0.0007060657953843474
356,0.0004326426144689321,0.0008405499393120408
357,0.0004694860614836216,0.0007419699686579406
358,0.0003301474126055837,0.000664616352878511
359,0.001517729237675667,0.0018242077203467488
360,0.0008985786302946508,0.0010928435949608684
361,0.0006917915237136186,0.0008632178651168942
362,0.00049173544626683,0.0007242823485285044
363,0.0004738026647828519,0.0007596202194690704
364,0.000448188700247556,0.0007087418343871832
365,0.00029434907482936976,0.0007687543402425945
366,0.00032577503705397246,0.0006551815313287079
367,0.000287589724175632,0.0007097870111465454
368,0.00019497564528137446,0.0006957650184631348
369,0.00015352446585893632,0.0007108735153451562
370,0.00017395380884408952,0.0006478737341240048
371,0.00013510749442502857,0.0006024587200954556
372,0.00015594115247949958,0.0006429034983739257
373,0.00010881173191592098,0.000596433412283659
374,0.00012372292345389725,0.0006270897574722767
375,0.00011905992636457085,0.000724533514585346
376,0.00012029624544084072,0.0005732971476390958
377,5.702971713617444e-05,0.0006492563989013433
378,9.150838246569038e-05,0.0006309315795078874
379,9.91004891693592e-05,0.0006328198360279202
380,0.00010972478194162249,0.0006487590144388378
381,0.00017006660578772426,0.000713720393832773
382,0.00028609580360352996,0.0007985499687492847
383,0.00016758221434429288,0.0006844571325927973
384,0.00019075534539297222,0.0007032057619653642
385,0.00015590247930958868,0.0006856892723590136
386,9.858841542154551e-05,0.0006229456048458815
387,8.359381463378667e-06,0.00053767318604514
388,9.55978175625205e-06,0.0005641754250973463
389,4.1162180714309216e-05,0.000630334485322237
390,1.8537731375545263e-05,0.0005593670066446066
391,-7.362791802734137e-06,0.0005481169209815562
392,0.00020392115926370024,0.0006803671130910516
393,4.5485941227525474e-05,0.0005736434832215309
394,2.967210952192545e-05,0.0005926649901084602
395,-7.464052177965641e-06,0.0005326116224750876
396,-1.8641978967934847e-05,0.0005478834500536323
397,1.0778382420539857e-05,0.0006504580960609019
398,6.394715746864677e-05,0.0006629612180404365
399,7.300104247406126e-05,0.000613527197856456
400,4.5634119305759666e-05,0.0005805206019431353
